jersey knitting fabric;фуфайка трикотажная
jersey knitting;фуфайка трикотажная
jersey knitted fabric;фуфайка трикотажная
nightdress knitting fabric;ночная сорочка трикотажная
pants(leginsy) knitting fabric;брюки(легинсы)трикотажные
Shirt knitted fabric;сорочка трикотажная
CATALOGUE OF KNITTED FABRIC;каталог образцов трикотажного полотна
SLEEPWEAR knitting FABRIC;пижама трикотажная
SLEEPWEAR knitting;пижама трикотажная
PAJAMA SHORTS KNITTING FABRIC;пижамные шорты трикотажные
SHORTS WONEN FABRIC;шорты тканые
PAJAMA PANTS KNITTING FABRIС;пижамные брюки трикотажные
swimsuit (bathing bra) knitting fabric;купальный костюм (купальный бюстгальтер) трикотажный
swimsuit (bathing trunks) knitting fabric;купальный костюм (купальные плавки) трикотажный
PAJAMAS SHORTS KNITTING FABRIC;пижамные шорты трикотажные
PAJAMAS KNITTING FABRIC;пижама трикотажная
swimsuit (bathing trunks) knitting fabric;купальный костюм (плавки) трикотажный
women's headband hair;женская головная повязка для волос
shirt knitting fabric;рубашка трикотажная
bathings shorts knitting fabric;купальные трусы трикотажные
bathings shorts knitted fabric;купальные трусы трикотажные
jersey knitting fabric;фуфайка трикотажная
jersey knitted fabric;фуфайка трикотажная
jersey knitted fabric;фуфайка трикотажная
shirt (polo) knitting fabric;рубашка (поло) трикотажная
shirt (polo) knitted fabric;рубашка (поло) трикотажная
skirt knitting fabric;юбка трикотажная
skirt knitted fabric;юбка трикотажная
skirt woven fabric;юбка тканая
sweater knitting fabric;свитер трикотажный
sweater knitted fabric;свитер трикотажный
swimsuit knitting fabric;купальный костюм трикотажный
swimsuit knitted fabric;купальный костюм трикотажный
costume swimming knitting fabric;купальный костюм трикотажный
costume swimming knitted fabric;купальный костюм трикотажный
vest knitting fabric;жилет трикотажный
vest knitted fabric;жилет трикотажный
vest woven fabric;жилет тканый
overalls knitting fabric;комбинезон трикотажный
overalls knitted fabric;комбинезон трикотажный
overalls woven fabric;комбинезон тканый
coveralls knitting fabric;комбинезон трикотажный
coveralls knitted fabric;комбинезон трикотажный
coveralls woven fabric;комбинезон тканый
tie knitting fabric;галстук трикотажный
tie knitted fabric;галстук трикотажный
tie woven fabric;галстук тканый
cap knitting fabric;шапка трикотажная
cap knitted fabric;шапка трикотажная
cap woven fabric;шапка тканая
beret knitting fabric;берет трикотажный
beret knitted fabric;берет трикотажный
beret woven fabric;берет тканый
kepi knitting fabric;кепи трикотажное
kepi knitted fabric;кепи трикотажное
kepi woven fabric;кепи тканое
panama knitting fabric;панама трикотажная
panama knitted fabric;панама трикотажная
panama woven fabric;панама тканая
women's earmuffs knitting fabric;наушники зимние трикотажные женские
women's earmuffs knitted fabric;наушники зимние трикотажные женские
baby's bootees knitting fabric;пинетки трикотажные
baby's bootees knitted fabric;пинетки трикотажные
baby's bootees knitted fabric;пинетки трикотажные
baby 's bootees ;пинетки трикотажные 
baby's bootees;пинетки трикотажные 
bib knitting fabric;нагрудник трикотажный
bib knitted fabric;нагрудник трикотажный
mitt knitting fabric;митенки трикотажные
mitt knitted fabric;митенки трикотажные
women's scarf knitting fabric;женский шарф трикотажный
scarf knitting fabric;шарф трикотажный
scarf knitted fabric;шарф трикотажный
scarf woven fabric;шарф тканый
coat knitting fabric;пальто трикотажное
coat knitted fabric;пальто трикотажное
coat woven fabric;пальто тканое
hat knitting fabric;шляпа трикотажная
hat knitted fabric;шляпа трикотажная
hat woven fabric;шляпа тканая
sleepwear knitting fabric;пижама трикотажная
sleepwear knitted fabric;пижама трикотажная
sandals;босоножки
pantoletts;пантолеты
ankle boots;полуботинки
boots;ботинки
clip for hairs;зажим для волос
beads;бусы
antisun glasses for women;женские солнцезащитные очки
antisun glasses for men;мужские солнцезащитные очки
antisun glasses for girls;женские солнцезащитные очки
antisun glasses for boys;мужские солнцезащитные очки
gaiters knitting fabric;гетры трикотажные
gaiters knitted fabric;гетры трикотажные
pajama pants knitting fabric;пижамные брюки трикотажные
blouses;блузка
swimwear knitting fabric;купальный костюм трикотажный
pants (legging) knitting fabric;брюки (легинсы)трикотажные
coat woven fabric ;полупальто тканое
bermuda shorts woven fabric;бермуды тканые
bathings shorts knitting fabric;купальные трусы трикотажные
women's belt;ремень женский
men's belt;ремень мужской
men's suspenders;подтяжки мужские
women's scarf knitting fabric;шарф женский трикотажный
women's scarf;шарф женский
men's scarf knitting fabric;шарф мужской трикотажный
women's bracelet;браслет женский
women's clamp;женский набор зажимов для волос
women's hair band;женский ободок
women's ring;женское кольцо
women's complete set;женский комплект
women's necklace;женское ожерелье
women's brooch;женская брошь
women's bangles;женский браслет
women's earrings;женские серьги
women's earrings;женские серьги
suspenders;подтяжки
dress woven fabric;платье тканое
dress knitting fabric;платье трикотажное
dress knitted fabric;платье трикотажное
for women;для женщин
for girls;для девочек
for girl;для девочек
for boys;для мальчиков
for men;для мужчин
tights knitted fabric;колготки трикотажные
tights knitting fabric;колготки трикотажные
packing of briefs knitting fabric;упаковка трусов трикотажных
packing of briefs knitted fabric;упаковка трусов трикотажных
packing briefs knitting fabric;упаковка трусов трикотажных
briefs knitting fabric;трусы трикотажные
briefs knitted fabric;трусы трикотажные
pant knitted fabric;брюки трикотажные
pants knitted fabric;брюки трикотажные
pants knitting fabric;брюки трикотажные
pants woven fabric;брюки тканые
shorts woven fabric;шорты тканые
shorts knitted fabric;шорты трикотажные
shorts knitting fabric;шорты трикотажные
packing of socks knitted fabric;упаковка носков трикотажных
packing of socks knitting fabric;упаковка носков трикотажных
socks knitting fabric;носки трикотажные
socks knitted fabric;носки трикотажные
skirt knitted fabric;юбка трикотажная
skirt knitting fabric;юбка трикотажная
skirt woven fabric;юбка тканая
jumper knitting fabric;джемпер трикотажный
jumper knitted fabric;джемпер трикотажный
sweater knitting fabric;свитер трикотажный
sweater knitted fabric;свитер трикотажный
pullover knitting fabric;пуловер трикотажный
pullover knitted fabric;пуловер трикотажный
jacket knitting fabric;жакет трикотажный
jacket knitted fabric;жакет трикотажный
jacket woven fabric;куртка тканая
shirt woven fabric;рубашка тканая
blouse woven fabric;блузка тканая
blouse knitted fabric;блузка трикотажная
blouse knitting fabric;блузка трикотажная
vest woven fabric;жилет тканый
vest knitting fabric;жилет трикотажный
vest knitted fabric;жилет трикотажный
mittens knitting fabric;рукавицы трикотажные
mittens knitted fabric;рукавицы трикотажные
gloves knitting fabric;перчатки трикотажные
gloves knitted fabric;перчатки трикотажные
shoes;туфли
belt;ремень поясной
decoration;декоративный элемент
earrings;серьги
ring;кольцо
necklace;ожерелье
bangles;набор браслетов
bracelet;браслет
clips for hair;набор зажимов для волос
clamps for hairs;набор зажимов для волос
clamp for hairs;зажим для волос
hair band;ободок
tank top knitting fabric;майка трикотажная
SHIRT IS NIGHTY knitting FABRI;ночная сорочка трикотажная
night shirt knitting fabric;ночная сорочка трикотажная
 crawlers knitting fabric;ползунки трикотажные
and men;и мужчин
and women;и женщин
shirt(polo) knitting fabric;рубашка (поло) трикотажная
bib knitting fabric;нагрудник трикотажный
panama knitting fabric;панама трикотажная
hair dressing;повязка на голову
breeches woven fabric;бриджи тканые
shorts for sleep woven fabric;шорты для сна тканые
shorts for sleep knitting fabric;шорты для сна трикотажные
night shirt knitting fabric;сорочка ночная трикотажная
capri woven fabric;бриджи тканые
earmuffs;наушники зимние
shawl;платок
shirt(top) woven fabric;майка(топ) тканая
tank top woven fabric;майка тканая
brooch;брошь
legging(pants) knitting fabric;легинсы(брюки) трикотажные
leginsy(pants) knitting fabric;легинсы(брюки) трикотажные
a shirt is nightly knitting fabric;сорочка ночная трикотажная
women 's bra knitting fabric;бюстгальтер женский трикотажный
women's bra knitting fabric;бюстгальтер женский трикотажный
womens bra knitting fabric;бюстгальтер женский трикотажный
women bra knitting fabric;бюстгальтер женский трикотажный
legging knitting fabric;легинсы трикотажные
hat ;шляпа 
scarf ;шарф 
pajama pants knitting fabric;пижамные брюки трикотажные
overalls for sleep knitting fabric;комбинезон для сна трикотажный
stockings knitting fabric;получулки трикотажные
pajama pants knitting fabric;пижамные брюки трикотажные
Sports jumper for fitness knitted fabric;джемпер спортивный для фитнеса трикотажный
Sweatshirt knitted fabric;свитшот трикотажный
PANTS DENIM FABRIC;брюки тканые
PAJAMA KNITTING FABRIC;пижама трикотажная
for girls and women;для девочек и женщин
for boys and men;для мальчиков и мужчин
PYJAMAS KNITTING FABRIC;пижамы трикотажные
SHIRT IS NIGHTLY KNITTING FABRIC;сорочки ночные трикотажные
;
 ;
